{
    "$schema": "https://json-schema.org/draft-07/schema",
    "type": "object",
    "oneOf": [
        {
            "properties": {
                "__comment": {
                    "type": "string",
                    "description": "注释"
                },
                "variants": {
                    "type": "object",
                    "title": "variants 穷举",
                    "description": "设置不同状态对应的模型",
                    "additionalProperties": {
                        "$ref": "#/definitions/modelprops"
                    }
                }
            },
            "required": ["variants"]
        },
        {
            "properties": {
                "__comment": {
                    "type": "string",
                    "description": "注释"
                },
                "multipart": {
                    "title": "multipart 组装",
                    "type": "array",
                    "description": "代替variants，基于方块状态属性以来组合模型",
                    "items": {
                        "type": "object",
                        "required": ["apply"],
                        "properties": {
                            "__comment": {
                                "type": "string",
                                "description": "注释"
                            },
                            "when": {
                                "type": "object",
                                "description": "列出该使用模型的必须满足的情况。当未设置时，总是使用该模型",
                                "properties": {
                                    "OR": {
                                        "description": "如果该标签包含的任意一个条件返回为true时匹配。不能同时设定其他单独的情况",
                                        "type": "array",
                                        "minItems": 1,
                                        "items": {
                                            "type": "object",
                                            "minProperties": 1,
                                            "maxProperties": 1,
                                            "description": "方块状态。一个键值对只能规定一个方块状态。但方块状态可以有多个值，由|来分隔，使得不同状态均可以匹配"
                                        }
                                    }
                                },
                                "additionalProperties": {
                                    "type": "string",
                                    "description": "方块状态名称。只能规定一个方块状态。但方块状态可以有多个值，由|来分隔，使得不同状态均可以匹配。不能和OR标签同时出现"
                                }
                            },
                            "apply": {
                                "description": "指定使用的模型及其属性。可以拥有单个模型或者模型的列表。如果使用列表，列表内使用不同的标签指定不同模型，游戏渲染时将会在列表内随机选择一个模型",
                                "$ref": "#/definitions/modelprops"
                            }
                        }
                    }
                }
            },
            "required": ["multipart"]
        }
    ],
    "definitions": {
        "face": {
            "type": "string",
            "enum": [
                "east",
                "south",
                "west",
                "north",
                "side"
            ]
        },
        "degree": {
            "type": "number",
            "enum": [0, 90, 180, 270]
        },
        "model": {
            "type": "object",
            "required": ["model"],
            "minItems": 1,
            "properties": {
                "__comment": {
                    "type": "string",
                    "description": "注释"
                },
                "model": {
                    "type": "string",
                    "title": "model 模型",
                    "description": "指定模型文件的路径，格式为命名空间ID"
                },
                "x": {
                    "$ref": "#/definitions/degree",
                    "title": "x旋转轴",
                    "description": "模型相对于x轴的旋转，增量90度。"
                },
                "y": {
                    "$ref": "#/definitions/degree",
                    "title": "y旋转轴",
                    "description": "模型相对于y轴的旋转，增量90度。"
                },
                "uvlock": {
                    "type": "boolean",
                    "title": "uvlock贴图锁定",
                    "description": "可为true或false（默认）。设置为true将锁定方块材质的旋转方向。这样在使用上面的 x和 y标签时材质将不会跟着方块一起旋转。"
                }
            }
        },
        "model+weight": {
            "type": "object",
            "required": ["model"],
            "minItems": 1,
            "properties": {
                "__comment": {
                    "type": "string",
                    "description": "注释"
                },
                "model": {
                    "type": "string",
                    "title": "model 模型",
                    "description": "指定模型文件的路径，格式为命名空间ID"
                },
                "x": {
                    "$ref": "#/definitions/degree",
                    "title": "x旋转轴",
                    "description": "模型相对于x轴的旋转，增量90度。"
                },
                "y": {
                    "$ref": "#/definitions/degree",
                    "title": "y旋转轴",
                    "description": "模型相对于y轴的旋转，增量90度。"
                },
                "uvlock": {
                    "type": "boolean",
                    "title": "uvlock 贴图锁定",
                    "description": "可为true或false（默认）。设置为true将锁定方块材质的旋转方向。这样在使用上面的 x和 y标签时材质将不会跟着方块一起旋转。"
                },
                "weight": {
                    "type": "integer",
                    "default": 1,
                    "title": "weight 权重",
                    "description": "设置模型在游戏中被选用的几率，默认为1（100%）。如果多于一个模型被用在同一个变种，每个模型被选中的几率将会为此模型的weight值除以所有模型weight的总和。"
                }
            }
        },
        "modelprops": {
            "oneOf": [
                {
                    "$ref": "#/definitions/model",
                    "description": "键名为由逗号分隔的方块状态（facing=east,half=lower）"
                },
                {
                    "type": "array",
                    "description": "键名为由逗号分隔的方块状态（facing=east,half=lower）。使用不同的标签指定不同模型，游戏渲染时将会在列表内随机选择一个模型",
                    "items": {
                        "$ref": "#/definitions/model+weight"
                    }
                }
            ]
        }
    }
}