{
    "type": "object",
    "$schema": "https://json-schema.org/draft-07/schema",
    "description": "声音事件的配置信息",
    "patternProperties": {
        "^.+$": {
            "$ref": "#/definitions/event"
        }
    },
    "definitions": {
        "event": {
            "type": "object",
            "description": "一个声音事件",
            "properties": {
                "__comment": {
                    "type": "string",
                    "description": "注释"
                },
                "replace": {
                    "type": "boolean",
                    "description": "如果设定为true，在sounds中定义的音效列表会替换掉优先级更低的资源包中为该声音事件定义的音效\n设定为false则会补充到原来的音效列表中，而不是直接替换\n如果不指定，默认为false"
                },
                "subtitle": {
                    "type": "string",
                    "description": "如果游戏中开启了“显示字幕”选项，游戏将会在该声音事件被播放时将该字符串翻译为声音字幕"
                },
                "sounds": {
                    "type": "array",
                    "items": {
                        "oneOf": [
                            {
                                "type": "string",
                                "description": "从assets/<命名空间>/sounds/文件夹到此音效文件的路径。应使用正斜线（/）分割路径"
                            },
                            {
                                "$ref": "#/definitions/sound",
                                "description": "一个代表音效文件的对象"
                            }
                        ]
                    }
                }
            }
        },
        "sound": {
            "type": "object",
            "properties": {
                "__comment": {
                    "type": "string",
                    "description": "注释"
                },
                "name": {
                    "type": "string",
                    "description": "从assets/<命名空间>/sounds/文件夹到此声音文件的路径，或着是另一个声音事件的命名空间ID"
                },
                "volume": {
                    "type": "number",
                    "description": "播放此声音时的音量。值为0.0到1.0的小数。未定义时默认为1.0"
                },
                "pitch": {
                    "type": "number",
                    "description": "以确定的值播放音调。未定义时默认为1.0。可以调至更高或更低"
                },
                "weight": {
                    "type": "integer",
                    "description": "此声音事件触发时此声音被播放的概率。默认为1。例如，设为2相当于此文件在列表中出现两次。相反地，假设别的文件都没有更改此设置，设为0.5相当于别的文件在列表中都出现两次"
                },
                "stream": {
                    "type": "boolean",
                    "description": "设置为true则此声音会以流式播放。当声音较长时最好设为true来避免卡顿。所有的music和record分类的音效（除了音符盒）都使用流式播放，因为它们的长度都达到一分多钟（最长达八分多钟）。未指定则默认为false"
                },
                "attenuation_distance": {
                    "type": "integer",
                    "description": "基于距离的音效大小衰减率。用于传送门、信标和潮涌核心。默认为16"
                },
                "preload": {
                    "type": "boolean",
                    "description": "若设置为true，则该音效文件会在加载资源包时就加载，而不是在播放音效的时候再加载。用于水下环境音效。默认为false"
                },
                "type": {
                    "type": "string",
                    "enum": [
                        "sound",
                        "event"
                    ],
                    "description": "可选sound或event。sound表明name中定义的是文件名，event表明name中定义的是声音事件名。未指定则默认为sound"
                }
            },
            "required": ["name"]
        }
    }
}