{
    "$schema": "https://json-schema.org/draft-07/schema",
    "$ref": "#/definitions/text_component",
    "definitions": {
        "text_component": {
            "oneOf": [
                {
                    "type": [
                        "boolean",
                        "string",
                        "number"
                    ],
                    "title": "Equivalent to {\"text\":\"Value\"}"
                },
                {
                    "$ref": "#/definitions/text_object"
                },
                {
                    "type": "array",
                    "items": {
                        "$ref": "#/definitions/text_component"
                    },
                    "title": "Equivalent to firstItem with \"extra\": [nextItems]"
                }
            ]
        },
        "text_object": {
            "type": "object",
            "oneOf": [
                {
                    "properties": {
                        "text": {
                            "type": "string",
                            "title": "The direct text to apply"
                        }
                    },
                    "required": [
                        "text"
                    ],
                    "not": {
                        "required": [
                            "translate",
                            "with",
                            "score",
                            "selector",
                            "keybind",
                            "nbt",
                            "interpret"
                        ]
                    }
                },
                {
                    "properties": {
                        "translate": {
                            "type": "string",
                            "parser": "TranslateKey",
                            "title": "The translation string to translate"
                        },
                        "with": {
                            "type": "array",
                            "title": "Replacements",
                            "description": "Extra items to apply in place of %s and %{x}$s in the translation string. These items inherit from the base component in styling, such as text colour and italics",
                            "items": {
                                "$ref": "#/definitions/text_component"
                            }
                        }
                    },
                    "required": [
                        "translate"
                    ],
                    "not": {
                        "required": [
                            "text",
                            "score",
                            "selector",
                            "keybind",
                            "nbt",
                            "interpret"
                        ]
                    }
                },
                {
                    "properties": {
                        "score": {
                            "title": "A score to display",
                            "type": "object",
                            "properties": {
                                "name": {
                                    "type": "string",
                                    "parser": "Entity",
                                    "params": {
                                        "amount": "single",
                                        "type": "entities",
                                        "isScoreHolder": true
                                    },
                                    "title": "Entity selector whose score to show"
                                },
                                "objective": {
                                    "type": "string",
                                    "parser": "Objective",
                                    "title": "Objective to show score from"
                                },
                                "value": {
                                    "type": [
                                        "number",
                                        "string",
                                        "boolean"
                                    ],
                                    "title": "A default when score not found",
                                    "description": "Will be converted to a string if needed"
                                }
                            },
                            "required": [
                                "name",
                                "objective"
                            ]
                        }
                    },
                    "required": [
                        "score"
                    ],
                    "not": {
                        "required": [
                            "text",
                            "translate",
                            "with",
                            "selector",
                            "keybind",
                            "nbt",
                            "interpret"
                        ]
                    }
                },
                {
                    "properties": {
                        "selector": {
                            "type": "string",
                            "parser": "Entity",
                            "params": {
                                "amount": "multiple",
                                "type": "entities"
                            },
                            "title": "An entity to mention",
                            "description": "If there are multiple, they will be comma seperated until the last value with an 'and'"
                        }
                    },
                    "required": [
                        "selector"
                    ],
                    "not": {
                        "required": [
                            "text",
                            "translate",
                            "with",
                            "score",
                            "keybind",
                            "nbt",
                            "interpret"
                        ]
                    }
                },
                {
                    "properties": {
                        "keybind": {
                            "type": "string",
                            "title": "The name of the keybind to show",
                            "enum": [
                                "key.attack",
                                "key.use",
                                "key.forward",
                                "key.left",
                                "key.back",
                                "key.right",
                                "key.jump",
                                "key.sneak",
                                "key.sprint",
                                "key.drop",
                                "key.inventory",
                                "key.chat",
                                "key.playerlist",
                                "key.pickItem",
                                "key.command",
                                "key.screenshot",
                                "key.togglePerspective",
                                "key.smoothCamera",
                                "key.fullscreen",
                                "key.spectatorOutlines",
                                "key.swapHands",
                                "key.saveToolbarActivator",
                                "key.loadToolbarActivator",
                                "key.advancements",
                                "key.hotbar.1",
                                "key.hotbar.2",
                                "key.hotbar.3",
                                "key.hotbar.4",
                                "key.hotbar.5",
                                "key.hotbar.6",
                                "key.hotbar.7",
                                "key.hotbar.8",
                                "key.hotbar.9"
                            ]
                        }
                    },
                    "required": [
                        "keybind"
                    ],
                    "not": {
                        "required": [
                            "text",
                            "translate",
                            "with",
                            "score",
                            "selector",
                            "nbt",
                            "interpret"
                        ]
                    }
                },
                {
                    "properties": {
                        "nbt": {
                            "type": "string",
                            "parser": "NbtPath",
                            "title": "The NBT Path"
                        },
                        "interpret": {
                            "type": "boolean",
                            "title": "Whether contents of selected tags should be interpreted as chat components"
                        }
                    },
                    "required": [
                        "nbt"
                    ],
                    "oneOf": [
                        {
                            "properties": {
                                "block": {
                                    "type": "string",
                                    "parser": "Vector",
                                    "params": {
                                        "dimension": 3
                                    },
                                    "title": "The coordinates of the block which uses the same format as /setblock"
                                }
                            },
                            "required": [
                                "block"
                            ],
                            "not": {
                                "required": [
                                    "entity",
                                    "storage"
                                ]
                            }
                        },
                        {
                            "properties": {
                                "entity": {
                                    "type": "string",
                                    "parser": "Entity",
                                    "params": {
                                        "amount": "single",
                                        "type": "entities"
                                    },
                                    "title": "The target selector"
                                }
                            },
                            "required": [
                                "entity"
                            ],
                            "not": {
                                "required": [
                                    "block",
                                    "storage"
                                ]
                            }
                        },
                        {
                            "properties": {
                                "storage": {
                                    "type": "string",
                                    "parser": "Identity",
                                    "params": {
                                        "registry": "$storages"
                                    },
                                    "title": "The namespaced ID of the storage"
                                }
                            },
                            "required": [
                                "storage"
                            ],
                            "not": {
                                "required": [
                                    "block",
                                    "entity"
                                ]
                            }
                        }
                    ],
                    "not": {
                        "required": [
                            "score",
                            "selector",
                            "text",
                            "translate",
                            "with"
                        ]
                    }
                }
            ],
            "properties": {
                "text": {},
                "translate": {},
                "with": {},
                "score": {},
                "selector": {},
                "keybind": {},
                "nbt": {},
                "entity": {},
                "storage": {},
                "block": {},
                "interpret": {},
                "extra": {
                    "type": "array",
                    "$ref": "#/definitions/text_component",
                    "title": "Additional items to add",
                    "description": "These items inherit from the base component in styling, such as text colour and italics"
                },
                "color": {
                    "title": "The colour of the text",
                    "oneOf": [
                        {
                            "enum": [
                                "black",
                                "dark_blue",
                                "dark_green",
                                "dark_aqua",
                                "dark_red",
                                "dark_purple",
                                "gold",
                                "gray",
                                "dark_gray",
                                "blue",
                                "green",
                                "aqua",
                                "red",
                                "light_purple",
                                "yellow",
                                "white",
                                "reset"
                            ]
                        },
                        {
                            "type": "string",
                            "pattern": "#[0-9a-f]{1,6}"
                        }
                    ]
                },
                "bold": {
                    "title": "Whether to have the text bold",
                    "type": "boolean"
                },
                "italic": {
                    "title": "Whether to have the text in italics",
                    "type": "boolean"
                },
                "underlined": {
                    "title": "Whether to have the text underlined",
                    "type": "boolean"
                },
                "strikethrough": {
                    "title": "Whether to have the text strikethroughed",
                    "type": "boolean"
                },
                "obfuscated": {
                    "title": "Whether to have the text obfuscated",
                    "description": "This makes the text cycle through characters with the same width",
                    "type": "boolean"
                },
                "insertion": {
                    "title": "Insertion text",
                    "description": "When the player SHIFT-clicks on a section of text, what to add to their chat window",
                    "type": "string"
                },
                "clickEvent": {
                    "type": "object",
                    "title": "Action on click",
                    "description": "Action to perform when this text is left clicked on",
                    "properties": {
                        "action": {},
                        "value": {}
                    },
                    "oneOf": [
                        {
                            "properties": {
                                "action": {
                                    "enum": [
                                        "open_url"
                                    ],
                                    "description": "Opens the web address in value"
                                },
                                "value": {
                                    "type": "string",
                                    "title": "The URL of the web page"
                                }
                            }
                        },
                        {
                            "properties": {
                                "action": {
                                    "enum": [
                                        "run_command"
                                    ],
                                    "description": "Runs the command in value"
                                },
                                "value": {
                                    "type": "string",
                                    "parser": "Command",
                                    "params": {
                                        "leadingSlash": true
                                    },
                                    "title": "The command to run"
                                }
                            }
                        },
                        {
                            "properties": {
                                "action": {
                                    "enum": [
                                        "change_page"
                                    ],
                                    "description": "Changes the book page"
                                },
                                "value": {
                                    "type": "string",
                                    "title": "The page number"
                                }
                            }
                        },
                        {
                            "properties": {
                                "action": {
                                    "enum": [
                                        "suggest_command"
                                    ],
                                    "description": "Replaces the player's chat window with value"
                                },
                                "value": {
                                    "type": "string",
                                    "parser": "Command",
                                    "params": {
                                        "leadingSlash": true
                                    },
                                    "title": "The command to suggest"
                                }
                            }
                        }
                    ],
                    "required": [
                        "action",
                        "value"
                    ]
                },
                "hoverEvent": {
                    "type": "object",
                    "description": "What to show upon a hover",
                    "properties": {
                        "action": {},
                        "contents": {},
                        "value": {}
                    },
                    "oneOf": [
                        {
                            "properties": {
                                "action": {
                                    "enum": [
                                        "show_text"
                                    ]
                                },
                                "contents": {
                                    "$ref": "#/definitions/text_component"
                                },
                                "value": {
                                    "$ref": "#/definitions/text_component"
                                }
                            }
                        },
                        {
                            "properties": {
                                "action": {
                                    "enum": [
                                        "show_entity"
                                    ]
                                },
                                "contents": {
                                    "type": "object",
                                    "properties": {
                                        "id": {
                                            "type": "string",
                                            "parser": "Uuid"
                                        },
                                        "name": {
                                            "$ref": "#/definitions/text_component"
                                        },
                                        "type": {
                                            "type": "string",
                                            "parser": "Identity",
                                            "params": {
                                                "registry": "minecraft:entity_type"
                                            }
                                        }
                                    }
                                },
                                "value": {
                                    "type": "string",
                                    "parser": "Nbt",
                                    "params": {
                                        "type": "Compound",
                                        "category": "minecraft:entity",
                                        "id": "spgoding:i-am-guaranteed-not-to-exist"
                                    }
                                }
                            }
                        },
                        {
                            "properties": {
                                "action": {
                                    "enum": [
                                        "show_item"
                                    ]
                                },
                                "contents": {
                                    "type": "object",
                                    "properties": {
                                        "id": {
                                            "type": "string",
                                            "parser": "Identity",
                                            "params": {
                                                "registry": "minecraft:item"
                                            }
                                        },
                                        "count": {
                                            "type": "number",
                                            "minimum": 1,
                                            "maximum": 64
                                        },
                                        "tag": {
                                            "type": "string",
                                            "parser": "Nbt",
                                            "params": {
                                                "type": "Compound",
                                                "category": "minecraft:item",
                                                "id": [
                                                    {
                                                        "Child": "id"
                                                    }
                                                ]
                                            }
                                        }
                                    }
                                },
                                "value": {
                                    "type": "string",
                                    "parser": "Nbt",
                                    "params": {
                                        "type": "Compound",
                                        "category": "minecraft:item",
                                        "id": "spgoding:i-am-guaranteed-not-to-exist"
                                    }
                                }
                            }
                        }
                    ],
                    "required": [
                        "action"
                    ]
                }
            }
        }
    }
}